Артикул/цвет;Название;Количество на складе;Цена;Символьный код
;Корзина для игрушек Bony Месяц;3;350 руб;korzina_dlya_igrushek_bony_mesyats
;Корзина для игрушек Bony Божьи коровки;3;330 руб;korzina_dlya_igrushek_bony_bozhi_korovki
;Корзина для игрушек Bony Лягушка;3;330 руб;korzina_dlya_igrushek_bony_lyagushka
ДСК09;Ku-bik доска для рисования магнитно-меловая (ДСК09);3;540 руб;ku_bik_doska_dlya_risovaniya_magnitno_melovaya_dsk09
;Звуковой коврик Знаток автобус-зоопарк и человек-оркестр;3;1 050 руб;zvukovoy_kovrik_znatok_avtobus_zoopark_i_chelovek_orkestr
Multicolor;Манеж-кровать Hauck Dream'n Play Plus (Multicolor);2;3 050 руб;manezh_krovat_hauck_dream_n_play_plus_multicolor_1
Blue;Коляска-трость Happy Baby Cindy British Design (Blue);2;3 390 руб;kolyaska_trost_happy_baby_cindy_british_design_blue
НКЧ1201;Ku-bik набор деревянных кирпичиков 12 шт (НКЧ1201);2;315 руб;ku_bik_nabor_derevyannykh_kirpichikov_12_sht_nkch1201
;Пальчиковый театр в домике Репка;2;290 руб;palchikovyy_teatr_v_domike_repka
НКБ2401;Ku-bik набор деревянных кубиков 24 шт (НКБ2401);2;450 руб;ku_bik_nabor_derevyannykh_kubikov_24_sht_nkb2401
ККП03;Ku-bik конструктор-каталка Паровозик 2 (ККП03);2;155 руб;ku_bik_konstruktor_katalka_parovozik_2_kkp03
МСЦ2801;Ku-bik мозаика Сказочный цветочек (МСЦ2801);2;590 руб;ku_bik_mozaika_skazochnyy_tsvetochek_msts2801
LI501;Домик с шариками Bony Ocean (100 шариков) (LI501);2;1 350 руб;domik_s_sharikami_bony_ocean_100_sharikov_li501
ККМ04;Ku-bik конструктор-каталка Полицейская машина (ККМ04);2;155 руб;ku_bik_konstruktor_katalka_politseyskaya_mashina_kkm04
НКБ1501;Ku-bik набор деревянных кубиков 15 шт (НКБ1501);2;280 руб;ku_bik_nabor_derevyannykh_kubikov_15_sht_nkb1501
НКЧ1801;Ku-bik набор деревянных кирпичиков 18 шт (НКЧ1801);2;510 руб;ku_bik_nabor_derevyannykh_kirpichikov_18_sht_nkch1801
LI520;Домик с шариками Bony Butterfly (100 шариков) (LI520);2;1 390 руб;domik_s_sharikami_bony_butterfly_100_sharikov_li520
NK-6810;Marbutopia Конструктор Disc-o-Ball 74 детали (NK-6810);2;1 290 руб;marbutopia_konstruktor_disc_o_ball_74_detali_nk_6810
МКД3201;Ku-bik мозаика Калейдоскоп (МКД3201);2;570 руб;ku_bik_mozaika_kaleydoskop_mkd3201
LI502;Домик с шариками Bony Ocean (100 шариков) (LI502);2;1 230 руб;domik_s_sharikami_bony_ocean_100_sharikov_li502
;Пальчиковый театр в домике Колобок ;2;290 руб;palchikovyy_teatr_v_domike_kolobok_
5112;Наша Мама Масло для ухода и массажа 125 мл (5112);2;120 руб;nasha_mama_maslo_dlya_ukhoda_i_massazha_125_ml_5112
НКБ1201;Ku-bik набор деревянных кубиков 12 шт (НКБ1201);2;240 руб;ku_bik_nabor_derevyannykh_kubikov_12_sht_nkb1201
МЛК01;Ku-bik мозаика Лучики (МЛК01);2;380 руб;ku_bik_mozaika_luchiki_mlk01
;Корзина для игрушек Bony День и ночь;2;330 руб;korzina_dlya_igrushek_bony_den_i_noch
КТР02;Ku-bik конструктор-каталка Трактор (КТР02);2;155 руб;ku_bik_konstruktor_katalka_traktor_ktr02
Oreh;Гандылян Детская кроватка Анжелика с универсальным маятником (Oreh);1;13 500 руб;gandylyan_detskaya_krovatka_anzhelika_s_universalnym_mayatnikom_oreh
;Видеоняня Switel BCF910;1;8 750 руб;videonyanya_switel_bcf910
Y7575;Радионяня Tomy TF550 (Y7575);1;4 500 руб;radionyanya_tomy_tf550_y7575
;Happy Baby Развивающий коврик Лесные обитатели;1;2 400 руб;happy_baby_razvivayushchiy_kovrik_lesnye_obitateli
Dinasty;Коляска-трость Happy Baby Liberty (Dinasty);1;4 990 руб;kolyaska_trost_happy_baby_liberty_dinasty
Green;Коляска прогулочная Happy Baby Neon Sport (Green);1;7 490 руб;kolyaska_progulochnaya_happy_baby_neon_sport_green
Volcano;Автокресло Nania Beline SP Plus, гр.1-2-3, 9-36 кг (Volcano);1;2 400 руб;avtokreslo_nania_beline_sp_plus_gr_1_2_3_9_36_kg_volcano
;Tiny Love Игрушка-собачка Фред Догони меня (новый дизайн);1;1 340 руб;tiny_love_igrushka_sobachka_fred_dogoni_menya_novyy_dizayn
;Музыкальный детский ночник и проектор Duux;1;3 500 руб;muzykalnyy_detskiy_nochnik_i_proektor_duux
;Видеоняня Switel BCF805;1;4 490 руб;videonyanya_switel_bcf805
;Танцевальный коврик Знаток спортивная арифметика;1;1 100 руб;tantsevalnyy_kovrik_znatok_sportivnaya_arifmetika
;Happy Baby мобиле Sunny Day;1;675 руб;happy_baby_mobile_sunny_day
;Звуковой коврик Знаток Мистер твистер;1;1 750 руб;zvukovoy_kovrik_znatok_mister_tvister
Green;Коляска Happy Baby Letitia 2 в 1 (Green);1;8 800 руб;kolyaska_happy_baby_letitia_2_v_1_green
Caviar Beige;Коляска прогулочная Hauck Viper (Caviar Beige);1;6 490 руб;kolyaska_progulochnaya_hauck_viper_caviar_beige
LI523;Домик с тоннелем и шариками Bony Butterfly (100 шариков) (LI523);1;1 880 руб;domik_s_tonnelem_i_sharikami_bony_butterfly_100_sharikov_li523
White;Гандылян Детская кроватка Анжелика с универсальным маятником (White);1;13 500 руб;gandylyan_detskaya_krovatka_anzhelika_s_universalnym_mayatnikom_white
1102;Наша Мама Гель массажный для животиков 100 мл (1102);1;120 руб;nasha_mama_gel_massazhnyy_dlya_zhivotikov_100_ml_1102
;Звуковой коврик Знаток карнавал животных;1;1 400 руб;zvukovoy_kovrik_znatok_karnaval_zhivotnykh
Yellow;Стульчик для кормления Happy Baby William Light (Yellow);1;5 690 руб;stulchik_dlya_kormleniya_happy_baby_william_light_yellow
Blue;Коляска прогулочная Happy Baby Neon Sport (Blue);1;7 490 руб;kolyaska_progulochnaya_happy_baby_neon_sport_blue
Desert;Автокресло Nania Beline SP Plus, гр.1-2-3, 9-36 кг (Desert);1;2 400 руб;avtokreslo_nania_beline_sp_plus_gr_1_2_3_9_36_kg_desert
Beige;Коляска-трость Happy Baby Cindy British Design (Beige);1;3 390 руб;kolyaska_trost_happy_baby_cindy_british_design_beige
Slonovaya kost';Гандылян Детская кроватка Анжелика с универсальным маятником (Slonovaya kost');1;13 500 руб;gandylyan_detskaya_krovatka_anzhelika_s_universalnym_mayatnikom_slonovaya_kost_
;Танцевальный коврик Знаток Хип хоп микшер;1;1 100 руб;tantsevalnyy_kovrik_znatok_khip_khop_miksher
;Видеоняня Switel BCF900;1;9 990 руб;videonyanya_switel_bcf900
Y7573;Радионяня Tomy TF500 (Y7573);1;2 880 руб;radionyanya_tomy_tf500_y7573
Orange;Коляска прогулочная Happy Baby Neon Sport (Orange);1;7 490 руб;kolyaska_progulochnaya_happy_baby_neon_sport_orange
;Happy Baby Подвеска Летняя полянка;1;450 руб;happy_baby_podveska_letnyaya_polyanka
Rosary;Коляска-трость Happy Baby Liberty (Rosary);1;4 990 руб;kolyaska_trost_happy_baby_liberty_rosary
;Видеоняня Switel BCF827;1;6 990 руб;videonyanya_switel_bcf827
LI522;Домик с тоннелем и шариками Bony Butterfly (100 шариков) (LI522);1;1 770 руб;domik_s_tonnelem_i_sharikami_bony_butterfly_100_sharikov_li522
;Видеоняня Switel BCF817;1;8 990 руб;videonyanya_switel_bcf817
;Танцевальный коврик Знаток Супердиджей;1;1 400 руб;tantsevalnyy_kovrik_znatok_superdidzhey
;Happy Baby Машинка-каталка Tommy Jeep;1;2 250 руб;happy_baby_mashinka_katalka_tommy_jeep
4115;Наша Мама Молочко косметическое для чувст. кожи 150 мл (4115);1;100 руб;nasha_mama_molochko_kosmeticheskoe_dlya_chuvst_kozhi_150_ml_4115
Y7574;Радионяня Tomy TF525 (Y7574);1;4 090 руб;radionyanya_tomy_tf525_y7574
Beige;Коляска Happy Baby Letitia 2 в 1 (Beige);1;8 800 руб;kolyaska_happy_baby_letitia_2_v_1_beige
R372;Коляска 2 в 1 Geoby C3018 (R372);0;11 715 руб;kolyaska_2_v_1_geoby_c3018_r372
;Fiorellino комод Slovenia;0;;fiorellino_komod_slovenia
Lilac;Коляска-трость Happy Baby Nicole с накидкой (Lilac);0;5 490 руб;kolyaska_trost_happy_baby_nicole_s_nakidkoy_lilac
Green;Mamaroo Электронное кресло-качалка 4Moms (Green);0;11 000 руб;mamaroo_elektronnoe_kreslo_kachalka_4moms_green
;Коляска прогулочная Happy Baby Neon Sport;0;;kolyaska_progulochnaya_happy_baby_neon_sport
Milk;Fiorellino комод Victory (Milk);0;22 450 руб;fiorellino_komod_victory_milk
Moon;Стульчик высокий Chicco Polly (Moon);0;6 300 руб;stulchik_vysokiy_chicco_polly_moon
;Плитекс Детский матраc EcoFlex Cotton;0;;pliteks_detskiy_matrac_ecoflex_cotton
Blue;Коляска Happy Baby Ultra 3 в 1 (Blue);0;16 990 руб;kolyaska_happy_baby_ultra_3_v_1_blue
;Коляска 2 в 1 Geoby Baby Lux;0;;kolyaska_2_v_1_geoby_baby_lux
;Ku-bik мозаика Калейдоскоп;0;;ku_bik_mozaika_kaleydoskop
;Корзина для игрушек Bony Львенок;0;330 руб;korzina_dlya_igrushek_bony_lvenok
Green;Коляска Happy Baby Ultra 2 в 1 (Green);0;12 990 руб;kolyaska_happy_baby_ultra_2_v_1_green
R306;Коляска 2 в 1 Geoby Baby (R306);0;15 125 руб;kolyaska_2_v_1_geoby_baby_r306
Oreh;Fiorellino комод Medo (Oreh);0;18 300 руб;fiorellino_komod_medo_oreh
;Домик с шариками Bony Ocean (100 шариков);0;;domik_s_sharikami_bony_ocean_100_sharikov
;Коляска 2 в 1 Geoby C605 Lux;0;;kolyaska_2_v_1_geoby_c605_lux
;Fiorellino ящик для игрушек Slovenia;0;;fiorellino_yashchik_dlya_igrushek_slovenia
;Коляска для двойни Geoby SC705-Х;0;;kolyaska_dlya_dvoyni_geoby_sc705_kh
9/200;Canpol молокоотсос ручной (9/200);0;850 руб;canpol_molokootsos_ruchnoy_9_200
ET2004 Cow;Термометр с гибким наконечником Ramili (ET2004 Cow);0;290 руб;termometr_s_gibkim_nakonechnikom_ramili_et2004_cow
J127;Коляска прогулочная Geoby C980H (J127);0;8 250 руб;kolyaska_progulochnaya_geoby_c980h_j127
;Наша Мама Масло для ухода и массажа 125 мл;0;;nasha_mama_maslo_dlya_ukhoda_i_massazha_125_ml
;Радионяня Tomy TF500;0;;radionyanya_tomy_tf500
;Ku-bik доска для рисования магнитно-меловая;0;;ku_bik_doska_dlya_risovaniya_magnitno_melovaya
;Ku-bik набор деревянных кубиков 12 шт;0;;ku_bik_nabor_derevyannykh_kubikov_12_sht
Silver;Mamaroo Электронное кресло-качалка 4Moms (Silver);0;11 000 руб;mamaroo_elektronnoe_kreslo_kachalka_4moms_silver
Oreh;Fiorellino комод Victory (Oreh);0;22 450 руб;fiorellino_komod_victory_oreh
;Fiorellino книжный шкаф Slovenia;0;;fiorellino_knizhnyy_shkaf_slovenia
;Коляска 2 в 1 Geoby C3018;0;;kolyaska_2_v_1_geoby_c3018
Slonovaya kost';Fiorellino комод Medo (Slonovaya kost');0;18 300 руб;fiorellino_komod_medo_slonovaya_kost_
;Ku-bik мозаика Лучики;0;;ku_bik_mozaika_luchiki
Purple;Коляска Happy Baby Ultra 2 в 1 (Purple);0;12 990 руб;kolyaska_happy_baby_ultra_2_v_1_purple
R805;Коляска 2 в 1 Geoby Baby (R805);0;15 125 руб;kolyaska_2_v_1_geoby_baby_r805
Light Blue;Коляска-трость Happy Baby Cindy British Design (Light Blue);0;3 390 руб;kolyaska_trost_happy_baby_cindy_british_design_light_blue
WMDL;Коляска 2 в 1 Geoby C605 Lux (WMDL);0;20 600 руб;kolyaska_2_v_1_geoby_c605_lux_wmdl
White;Fiorellino ящик для игрушек Slovenia (White);0;9 750 руб;fiorellino_yashchik_dlya_igrushek_slovenia_white
;Домик с тоннелем и шариками Bony Butterfly (100 шариков);0;;domik_s_tonnelem_i_sharikami_bony_butterfly_100_sharikov
;Коляска 2 в 1 Geoby C800;0;;kolyaska_2_v_1_geoby_c800
Oreh;Fiorellino шкаф Victory (Oreh);0;29 600 руб;fiorellino_shkaf_victory_oreh
;Видеоняня Switel BCF900Duo;0;13 300 руб;videonyanya_switel_bcf900duo
K055;Коляска прогулочная Geoby C980H (K055);0;8 250 руб;kolyaska_progulochnaya_geoby_c980h_k055
;Наша Мама Молочко косметическое для чувст. кожи 150 мл;0;;nasha_mama_molochko_kosmeticheskoe_dlya_chuvst_kozhi_150_ml
;Радионяня Tomy TF525;0;;radionyanya_tomy_tf525
;Видеоняня Switel BCF8502Duo;0;9 990 руб;videonyanya_switel_bcf8502duo
DWG;Коляска-трость Geoby D202A-F (DWG);0;1 575 руб;kolyaska_trost_geoby_d202a_f_dwg
;Ku-bik конструктор-каталка Трактор;0;;ku_bik_konstruktor_katalka_traktor
R373;Коляска 2 в 1 Geoby C3018 (R373);0;11 715 руб;kolyaska_2_v_1_geoby_c3018_r373
White;Fiorellino комод Victory (White);0;22 450 руб;fiorellino_komod_victory_white
Spring in the wood beige;Стульчик для кормления Hauck Sit'n Relax 2 в1 (Spring in the wood beige);0;8 230 руб;stulchik_dlya_kormleniya_hauck_sit_n_relax_2_v1_spring_in_the_wood_beige
Blue;Коляска-трость Happy Baby Nicole с накидкой (Blue);0;5 490 руб;kolyaska_trost_happy_baby_nicole_s_nakidkoy_blue
Blue;Mamaroo Электронное кресло-качалка 4Moms (Blue);0;11 000 руб;mamaroo_elektronnoe_kreslo_kachalka_4moms_blue
White;Fiorellino книжный шкаф Slovenia (White);0;12 100 руб;fiorellino_knizhnyy_shkaf_slovenia_white
;Fiorellino комод Victory;0;;fiorellino_komod_victory
Green;Коляска Happy Baby Ultra 3 в 1 (Green);0;16 990 руб;kolyaska_happy_baby_ultra_3_v_1_green
R819;Коляска 2 в 1 Geoby Baby (R819);0;15 125 руб;kolyaska_2_v_1_geoby_baby_r819
;Коляска Happy Baby Ultra 2 в 1;0;;kolyaska_happy_baby_ultra_2_v_1
RBFH;Коляска 2 в 1 Geoby Baby (RBFH);0;15 125 руб;kolyaska_2_v_1_geoby_baby_rbfh
Milk;Fiorellino комод Medo (Milk);0;18 300 руб;fiorellino_komod_medo_milk
;Коляска-трость Happy Baby Cindy British Design;0;;kolyaska_trost_happy_baby_cindy_british_design
R379;Коляска 2 в 1 Geoby C800 (R379);0;14 440 руб;kolyaska_2_v_1_geoby_c800_r379
Milk;Fiorellino шкаф Victory (Milk);0;29 600 руб;fiorellino_shkaf_victory_milk
;Ku-bik набор деревянных кирпичиков 12 шт;0;;ku_bik_nabor_derevyannykh_kirpichikov_12_sht
;Видеоняня Switel BCF900Trio;0;16 500 руб;videonyanya_switel_bcf900trio
;Happy Baby Машинка-каталка Foxy Car;0;2 250 руб;happy_baby_mashinka_katalka_foxy_car
;Canpol молокоотсос ручной;0;;canpol_molokootsos_ruchnoy
;Радионяня Tomy TF550;0;;radionyanya_tomy_tf550
ET2003 Frog;Термометр с гибким наконечником Ramili (ET2003 Frog);0;290 руб;termometr_s_gibkim_nakonechnikom_ramili_et2003_frog
;Коляска прогулочная Geoby C980H;0;;kolyaska_progulochnaya_geoby_c980h
;Ku-bik набор деревянных кубиков 24 шт;0;;ku_bik_nabor_derevyannykh_kubikov_24_sht
;Ku-bik конструктор-каталка Паровозик 2;0;;ku_bik_konstruktor_katalka_parovozik_2
R371;Коляска 2 в 1 Geoby C3018 (R371);0;11 715 руб;kolyaska_2_v_1_geoby_c3018_r371
Slonovaya kost';Fiorellino комод Slovenia (Slonovaya kost');0;20 950 руб;fiorellino_komod_slovenia_slonovaya_kost_
;Коляска-трость Happy Baby Liberty;0;;kolyaska_trost_happy_baby_liberty
Multicolor;Mamaroo Электронное кресло-качалка 4Moms (Multicolor);0;11 000 руб;mamaroo_elektronnoe_kreslo_kachalka_4moms_multicolor
Slonovaya kost';Fiorellino комод Victory (Slonovaya kost');0;22 450 руб;fiorellino_komod_victory_slonovaya_kost_
ЭКХк-01;Плитекс Детский матраc EcoFlex Cotton (ЭКХк-01);0;2 450 руб;pliteks_detskiy_matrac_ecoflex_cotton_ekkhk_01
Purple;Коляска Happy Baby Ultra 3 в 1 (Purple);0;16 990 руб;kolyaska_happy_baby_ultra_3_v_1_purple
;Mamaroo Вкладыш для кресла-качалки 4Moms;0;1 500 руб;mamaroo_vkladysh_dlya_kresla_kachalki_4moms
R308;Коляска 2 в 1 Geoby Baby Lux (R308);0;16 415 руб;kolyaska_2_v_1_geoby_baby_lux_r308
Blue;Коляска Happy Baby Ultra 2 в 1 (Blue);0;12 990 руб;kolyaska_happy_baby_ultra_2_v_1_blue
WQHC;Коляска 2 в 1 Geoby Baby (WQHC);0;15 125 руб;kolyaska_2_v_1_geoby_baby_wqhc
Natural;Fiorellino комод Medo (Natural);0;18 300 руб;fiorellino_komod_medo_natural
R328;Коляска 2 в 1 Geoby C605 Lux (R328);0;20 600 руб;kolyaska_2_v_1_geoby_c605_lux_r328
Slonovaya kost';Fiorellino ящик для игрушек Slovenia (Slonovaya kost');0;9 750 руб;fiorellino_yashchik_dlya_igrushek_slovenia_slonovaya_kost_
;Ku-bik мозаика Сказочный цветочек;0;;ku_bik_mozaika_skazochnyy_tsvetochek
RGAM;Коляска для двойни Geoby SC705-Х (RGAM);0;11 850 руб;kolyaska_dlya_dvoyni_geoby_sc705_kh_rgam
;Fiorellino шкаф Victory;0;;fiorellino_shkaf_victory
J126;Коляска прогулочная Geoby C980H (J126);0;8 250 руб;kolyaska_progulochnaya_geoby_c980h_j126
;Ku-bik набор деревянных кубиков 15 шт;0;;ku_bik_nabor_derevyannykh_kubikov_15_sht
;Ku-bik конструктор-каталка Полицейская машина;0;;ku_bik_konstruktor_katalka_politseyskaya_mashina
Gray;Mamaroo Электронное кресло-качалка 4Moms (Gray);0;11 000 руб;mamaroo_elektronnoe_kreslo_kachalka_4moms_gray
R374;Коляска 2 в 1 Geoby C3018 (R374);0;11 715 руб;kolyaska_2_v_1_geoby_c3018_r374
Natural;Fiorellino комод Victory (Natural);0;22 450 руб;fiorellino_komod_victory_natural
Relax fruit;Стульчик для кормления Hauck Sit'n Relax 2 в1 (Relax fruit);0;8 230 руб;stulchik_dlya_kormleniya_hauck_sit_n_relax_2_v1_relax_fruit
Yellow;Коляска-трость Happy Baby Nicole с накидкой (Yellow);0;5 490 руб;kolyaska_trost_happy_baby_nicole_s_nakidkoy_yellow
;Mamaroo Электронное кресло-качалка 4Moms;0;;mamaroo_elektronnoe_kreslo_kachalka_4moms
Slonovaya kost';Fiorellino книжный шкаф Slovenia (Slonovaya kost');0;12 100 руб;fiorellino_knizhnyy_shkaf_slovenia_slonovaya_kost_
White;Fiorellino комод Medo (White);0;18 300 руб;fiorellino_komod_medo_white
;Коляска Happy Baby Ultra 3 в 1;0;;kolyaska_happy_baby_ultra_3_v_1
CHR;Коляска 2 в 1 Geoby Baby (CHR);0;15 125 руб;kolyaska_2_v_1_geoby_baby_chr
;Ku-bik набор деревянных кирпичиков 18 шт;0;;ku_bik_nabor_derevyannykh_kirpichikov_18_sht
;Домик с шариками Bony Butterfly (100 шариков);0;;domik_s_sharikami_bony_butterfly_100_sharikov
;Коляска 2 в 1 Geoby Baby;0;;kolyaska_2_v_1_geoby_baby
;Fiorellino комод Medo;0;;fiorellino_komod_medo
R4QY;Коляска 2 в 1 Geoby C800 (R4QY);0;14 440 руб;kolyaska_2_v_1_geoby_c800_r4qy
White;Fiorellino шкаф Victory (White);0;29 600 руб;fiorellino_shkaf_victory_white
;Видеоняня Switel BCF819;0;7 990 руб;videonyanya_switel_bcf819
;Видеоняня Switel BCF900Quadro;0;19 500 руб;videonyanya_switel_bcf900quadro
;Marbutopia Конструктор Disc-o-Ball 74 детали;0;;marbutopia_konstruktor_disc_o_ball_74_detali
;Термометр с гибким наконечником Ramili;0;;termometr_s_gibkim_nakonechnikom_ramili
DWO;Коляска-трость Geoby D202A-F (DWO);0;1 575 руб;kolyaska_trost_geoby_d202a_f_dwo
;Наша Мама Гель массажный для животиков 100 мл;0;;nasha_mama_gel_massazhnyy_dlya_zhivotikov_100_ml
